timestamp	script_name	input_file	input_file_size_bytes	input_args	label	wall_time_s	cpu_time_s	memory_used_bytes	peak_memory_bytes
2026-07-20T12:15:45.283314	N/A	TEST-DATA/63_Monoraphidiumcircinale.hifi_reads.subsampled.1percent.fasta	9869796	N/A	fastq_to_fasta	0.021551847457885742	0.02144900000000005	671744	125386752
2026-07-20T12:15:47.585450	N/A	/tmp/kmerord_k6_test/63_Monoraphidiumcircinale.hifi_reads.subsampled.1percent.fasta	9869796	N/A	fasta_stats	2.290539026260376	0.349671	73285632	199327744
2026-07-20T12:15:48.444401	kmer-counter	/tmp/kmerord_k6_test/63_Monoraphidiumcircinale.hifi_reads.subsampled.1percent.fasta	9869796	--input /tmp/kmerord_k6_test/63_Monoraphidiumcircinale.hifi_reads.subsampled.1percent.fasta --kmer 6 --threads 1	Kmer_Counter_Run	0.7724318504333496	0.2698259999999999	638976	327270400
2026-07-20T12:15:48.560344	kmer-counter	/tmp/kmerord_k6_test/63_Monoraphidiumcircinale.hifi_reads.subsampled.1percent.fasta	9869796	--input /tmp/kmerord_k6_test/63_Monoraphidiumcircinale.hifi_reads.subsampled.1percent.fasta --kmer 6 --threads 1	Sparse_Matrix_Build	0.1046750545501709	0.09292200000000017	64798720	275185664
2026-07-20T12:15:48.632359	kmer-counter	/tmp/kmerord_k6_test/63_Monoraphidiumcircinale.hifi_reads.subsampled.1percent.fasta	9869796	--input /tmp/kmerord_k6_test/63_Monoraphidiumcircinale.hifi_reads.subsampled.1percent.fasta --kmer 6 --threads 1	Sequence_Headers_Extraction	0.06141090393066406	0.06416299999999997	8781824	284000256
2026-07-20T12:15:49.061720	kmer-counter	/tmp/kmerord_k6_test/63_Monoraphidiumcircinale.hifi_reads.subsampled.1percent.fasta	9869796	--input /tmp/kmerord_k6_test/63_Monoraphidiumcircinale.hifi_reads.subsampled.1percent.fasta --kmer 6 --threads 1	Sparse_Matrix_Save	0.40738701820373535	0.5003270000000002	8847360	292880384
2026-07-20T12:15:49.094449	kmer-counter	/tmp/kmerord_k6_test/63_Monoraphidiumcircinale.hifi_reads.subsampled.1percent.fasta	9869796	--input /tmp/kmerord_k6_test/63_Monoraphidiumcircinale.hifi_reads.subsampled.1percent.fasta --kmer 6 --threads 1	Cleanup	0.02166295051574707	0.021206000000000058	0	292880384
2026-07-20T12:15:49.105636	N/A	/tmp/kmerord_k6_test/63_Monoraphidiumcircinale.hifi_reads.subsampled.1percent.fasta	9869796	kmer_length=6, threads=1	kmer_count_6mer	1.509521245956421	1.0881790000000002	92864512	324648960
2026-07-20T12:15:49.210420	N/A	/tmp/kmerord_k6_test/kmer/63_Monoraphidiumcircinale.hifi_reads.subsampled.1percent_6mer_matrix.npz	2495078	N/A	kmer_metrics	0.09357213973999023	0.09241300000000008	84164608	376979456
2026-07-20T12:16:16.460252	N/A	/Users/markpampuch/Downloads/tmp/kmer-ord-fix/kmer-ord/TEST-DATA/63_Monoraphidiumcircinale.hifi_reads.subsampled.1percent.fasta	9869796	N/A	fastq_to_fasta	0.02265024185180664	0.022118000000000027	81920	124076032
2026-07-20T12:16:16.695323	N/A	/private/var/folders/nb/8h5xvwrn4wb4y92nxzhrn60h0000gn/T/pytest-of-markpampuch/pytest-2/test_project_peak_memory_6_0/K6/63_Monoraphidiumcircinale.hifi_reads.subsampled.1percent.fasta	9869796	N/A	fasta_stats	0.22369694709777832	0.2111	70975488	195706880
2026-07-20T12:16:17.539832	kmer-counter	/private/var/folders/nb/8h5xvwrn4wb4y92nxzhrn60h0000gn/T/pytest-of-markpampuch/pytest-2/test_project_peak_memory_6_0/K6/63_Monoraphidiumcircinale.hifi_reads.subsampled.1percent.fasta	9869796	--input /private/var/folders/nb/8h5xvwrn4wb4y92nxzhrn60h0000gn/T/pytest-of-markpampuch/pytest-2/test_project_peak_memory_6_0/K6/63_Monoraphidiumcircinale.hifi_reads.subsampled.1percent.fasta --kmer 6 --threads 1	Kmer_Counter_Run	0.7479102611541748	0.284659	2949120	332824576
2026-07-20T12:16:17.634502	kmer-counter	/private/var/folders/nb/8h5xvwrn4wb4y92nxzhrn60h0000gn/T/pytest-of-markpampuch/pytest-2/test_project_peak_memory_6_0/K6/63_Monoraphidiumcircinale.hifi_reads.subsampled.1percent.fasta	9869796	--input /private/var/folders/nb/8h5xvwrn4wb4y92nxzhrn60h0000gn/T/pytest-of-markpampuch/pytest-2/test_project_peak_memory_6_0/K6/63_Monoraphidiumcircinale.hifi_reads.subsampled.1percent.fasta --kmer 6 --threads 1	Sparse_Matrix_Build	0.08295011520385742	0.07900700000000005	64782336	273154048
2026-07-20T12:16:17.708380	kmer-counter	/private/var/folders/nb/8h5xvwrn4wb4y92nxzhrn60h0000gn/T/pytest-of-markpampuch/pytest-2/test_project_peak_memory_6_0/K6/63_Monoraphidiumcircinale.hifi_reads.subsampled.1percent.fasta	9869796	--input /private/var/folders/nb/8h5xvwrn4wb4y92nxzhrn60h0000gn/T/pytest-of-markpampuch/pytest-2/test_project_peak_memory_6_0/K6/63_Monoraphidiumcircinale.hifi_reads.subsampled.1percent.fasta --kmer 6 --threads 1	Sequence_Headers_Extraction	0.061926841735839844	0.06503700000000001	11649024	284803072
2026-07-20T12:16:18.128884	kmer-counter	/private/var/folders/nb/8h5xvwrn4wb4y92nxzhrn60h0000gn/T/pytest-of-markpampuch/pytest-2/test_project_peak_memory_6_0/K6/63_Monoraphidiumcircinale.hifi_reads.subsampled.1percent.fasta	9869796	--input /private/var/folders/nb/8h5xvwrn4wb4y92nxzhrn60h0000gn/T/pytest-of-markpampuch/pytest-2/test_project_peak_memory_6_0/K6/63_Monoraphidiumcircinale.hifi_reads.subsampled.1percent.fasta --kmer 6 --threads 1	Sparse_Matrix_Save	0.40761709213256836	0.523479	2441216	287211520
2026-07-20T12:16:18.162533	kmer-counter	/private/var/folders/nb/8h5xvwrn4wb4y92nxzhrn60h0000gn/T/pytest-of-markpampuch/pytest-2/test_project_peak_memory_6_0/K6/63_Monoraphidiumcircinale.hifi_reads.subsampled.1percent.fasta	9869796	--input /private/var/folders/nb/8h5xvwrn4wb4y92nxzhrn60h0000gn/T/pytest-of-markpampuch/pytest-2/test_project_peak_memory_6_0/K6/63_Monoraphidiumcircinale.hifi_reads.subsampled.1percent.fasta --kmer 6 --threads 1	Cleanup	0.02252507209777832	0.02233900000000011	688128	287899648
2026-07-20T12:16:18.179530	N/A	/private/var/folders/nb/8h5xvwrn4wb4y92nxzhrn60h0000gn/T/pytest-of-markpampuch/pytest-2/test_project_peak_memory_6_0/K6/63_Monoraphidiumcircinale.hifi_reads.subsampled.1percent.fasta	9869796	kmer_length=6, threads=1	kmer_count_6mer	1.4676551818847656	1.116391	92160000	333348864
2026-07-20T12:16:18.287035	N/A	/private/var/folders/nb/8h5xvwrn4wb4y92nxzhrn60h0000gn/T/pytest-of-markpampuch/pytest-2/test_project_peak_memory_6_0/K6/kmer/63_Monoraphidiumcircinale.hifi_reads.subsampled.1percent_6mer_matrix.npz	2495078	N/A	kmer_metrics	0.09586405754089355	0.09508699999999992	75939840	363773952
2026-07-20T12:16:21.294083	N/A	/Users/markpampuch/Downloads/tmp/kmer-ord-fix/kmer-ord/TEST-DATA/63_Monoraphidiumcircinale.hifi_reads.subsampled.1percent.fasta	9869796	N/A	fastq_to_fasta	0.02155303955078125	0.021241999999999983	688128	123944960
2026-07-20T12:16:21.513271	N/A	/private/var/folders/nb/8h5xvwrn4wb4y92nxzhrn60h0000gn/T/pytest-of-markpampuch/pytest-2/test_project_peak_memory_10_0/K10/63_Monoraphidiumcircinale.hifi_reads.subsampled.1percent.fasta	9869796	N/A	fasta_stats	0.20747923851013184	0.205808	71794688	195772416
2026-07-20T12:17:03.353943	kmer-counter	/private/var/folders/nb/8h5xvwrn4wb4y92nxzhrn60h0000gn/T/pytest-of-markpampuch/pytest-2/test_project_peak_memory_10_0/K10/63_Monoraphidiumcircinale.hifi_reads.subsampled.1percent.fasta	9869796	--input /private/var/folders/nb/8h5xvwrn4wb4y92nxzhrn60h0000gn/T/pytest-of-markpampuch/pytest-2/test_project_peak_memory_10_0/K10/63_Monoraphidiumcircinale.hifi_reads.subsampled.1percent.fasta --kmer 10 --threads 1	Kmer_Counter_Run	41.75832509994507	14.253651999999999	3407872	447561728
2026-07-20T12:17:06.085478	kmer-counter	/private/var/folders/nb/8h5xvwrn4wb4y92nxzhrn60h0000gn/T/pytest-of-markpampuch/pytest-2/test_project_peak_memory_10_0/K10/63_Monoraphidiumcircinale.hifi_reads.subsampled.1percent.fasta	9869796	--input /private/var/folders/nb/8h5xvwrn4wb4y92nxzhrn60h0000gn/T/pytest-of-markpampuch/pytest-2/test_project_peak_memory_10_0/K10/63_Monoraphidiumcircinale.hifi_reads.subsampled.1percent.fasta --kmer 10 --threads 1	Sparse_Matrix_Build	2.7183969020843506	3.359679	439730176	3615932416
2026-07-20T12:17:06.170749	kmer-counter	/private/var/folders/nb/8h5xvwrn4wb4y92nxzhrn60h0000gn/T/pytest-of-markpampuch/pytest-2/test_project_peak_memory_10_0/K10/63_Monoraphidiumcircinale.hifi_reads.subsampled.1percent.fasta	9869796	--input /private/var/folders/nb/8h5xvwrn4wb4y92nxzhrn60h0000gn/T/pytest-of-markpampuch/pytest-2/test_project_peak_memory_10_0/K10/63_Monoraphidiumcircinale.hifi_reads.subsampled.1percent.fasta --kmer 10 --threads 1	Sequence_Headers_Extraction	0.0731961727142334	0.0752250000000032	6602752	655360000
2026-07-20T12:17:07.567336	kmer-counter	/private/var/folders/nb/8h5xvwrn4wb4y92nxzhrn60h0000gn/T/pytest-of-markpampuch/pytest-2/test_project_peak_memory_10_0/K10/63_Monoraphidiumcircinale.hifi_reads.subsampled.1percent.fasta	9869796	--input /private/var/folders/nb/8h5xvwrn4wb4y92nxzhrn60h0000gn/T/pytest-of-markpampuch/pytest-2/test_project_peak_memory_10_0/K10/63_Monoraphidiumcircinale.hifi_reads.subsampled.1percent.fasta --kmer 10 --threads 1	Sparse_Matrix_Save	1.3820569515228271	1.7689580000000014	17498112	672858112
2026-07-20T12:17:07.697340	kmer-counter	/private/var/folders/nb/8h5xvwrn4wb4y92nxzhrn60h0000gn/T/pytest-of-markpampuch/pytest-2/test_project_peak_memory_10_0/K10/63_Monoraphidiumcircinale.hifi_reads.subsampled.1percent.fasta	9869796	--input /private/var/folders/nb/8h5xvwrn4wb4y92nxzhrn60h0000gn/T/pytest-of-markpampuch/pytest-2/test_project_peak_memory_10_0/K10/63_Monoraphidiumcircinale.hifi_reads.subsampled.1percent.fasta --kmer 10 --threads 1	Cleanup	0.11384081840515137	0.0722970000000025	0	672858112
2026-07-20T12:17:07.709931	N/A	/private/var/folders/nb/8h5xvwrn4wb4y92nxzhrn60h0000gn/T/pytest-of-markpampuch/pytest-2/test_project_peak_memory_10_0/K10/63_Monoraphidiumcircinale.hifi_reads.subsampled.1percent.fasta	9869796	kmer_length=10, threads=1	kmer_count_10mer	46.18506693840027	19.665124	477020160	3615932416
2026-07-20T12:17:08.093524	N/A	/private/var/folders/nb/8h5xvwrn4wb4y92nxzhrn60h0000gn/T/pytest-of-markpampuch/pytest-2/test_project_peak_memory_10_0/K10/kmer/63_Monoraphidiumcircinale.hifi_reads.subsampled.1percent_10mer_matrix.npz	16162845	N/A	kmer_metrics	0.3631749153137207	0.3720549999999996	326582272	999374848
2026-07-20T12:21:51.358784	N/A	/Users/markpampuch/Downloads/tmp/kmer-ord-fix/kmer-ord/TEST-DATA/63_Monoraphidiumcircinale.hifi_reads.subsampled.1percent.fasta	9869796	N/A	fastq_to_fasta	0.0278472900390625	0.027749000000000024	786432	123469824
2026-07-20T12:21:51.584298	N/A	/private/var/folders/nb/8h5xvwrn4wb4y92nxzhrn60h0000gn/T/pytest-of-markpampuch/pytest-3/test_project_peak_memory_6_0/K6/63_Monoraphidiumcircinale.hifi_reads.subsampled.1percent.fasta	9869796	N/A	fasta_stats	0.21395206451416016	0.201922	71204864	194691072
2026-07-20T12:21:52.414539	kmer-counter	/private/var/folders/nb/8h5xvwrn4wb4y92nxzhrn60h0000gn/T/pytest-of-markpampuch/pytest-3/test_project_peak_memory_6_0/K6/63_Monoraphidiumcircinale.hifi_reads.subsampled.1percent.fasta	9869796	--input /private/var/folders/nb/8h5xvwrn4wb4y92nxzhrn60h0000gn/T/pytest-of-markpampuch/pytest-3/test_project_peak_memory_6_0/K6/63_Monoraphidiumcircinale.hifi_reads.subsampled.1percent.fasta --kmer 6 --threads 1	Kmer_Counter_Run	0.6975789070129395	0.24401099999999998	2703360	326451200
2026-07-20T12:21:52.521110	kmer-counter	/private/var/folders/nb/8h5xvwrn4wb4y92nxzhrn60h0000gn/T/pytest-of-markpampuch/pytest-3/test_project_peak_memory_6_0/K6/63_Monoraphidiumcircinale.hifi_reads.subsampled.1percent.fasta	9869796	--input /private/var/folders/nb/8h5xvwrn4wb4y92nxzhrn60h0000gn/T/pytest-of-markpampuch/pytest-3/test_project_peak_memory_6_0/K6/63_Monoraphidiumcircinale.hifi_reads.subsampled.1percent.fasta --kmer 6 --threads 1	Sparse_Matrix_Build	0.09097099304199219	0.08296899999999996	65454080	271925248
2026-07-20T12:21:52.598207	kmer-counter	/private/var/folders/nb/8h5xvwrn4wb4y92nxzhrn60h0000gn/T/pytest-of-markpampuch/pytest-3/test_project_peak_memory_6_0/K6/63_Monoraphidiumcircinale.hifi_reads.subsampled.1percent.fasta	9869796	--input /private/var/folders/nb/8h5xvwrn4wb4y92nxzhrn60h0000gn/T/pytest-of-markpampuch/pytest-3/test_project_peak_memory_6_0/K6/63_Monoraphidiumcircinale.hifi_reads.subsampled.1percent.fasta --kmer 6 --threads 1	Sequence_Headers_Extraction	0.0646669864654541	0.06745599999999996	14270464	286195712
2026-07-20T12:21:53.009302	kmer-counter	/private/var/folders/nb/8h5xvwrn4wb4y92nxzhrn60h0000gn/T/pytest-of-markpampuch/pytest-3/test_project_peak_memory_6_0/K6/63_Monoraphidiumcircinale.hifi_reads.subsampled.1percent.fasta	9869796	--input /private/var/folders/nb/8h5xvwrn4wb4y92nxzhrn60h0000gn/T/pytest-of-markpampuch/pytest-3/test_project_peak_memory_6_0/K6/63_Monoraphidiumcircinale.hifi_reads.subsampled.1percent.fasta --kmer 6 --threads 1	Sparse_Matrix_Save	0.40077805519104004	0.489382	18006016	304218112
2026-07-20T12:21:53.056458	kmer-counter	/private/var/folders/nb/8h5xvwrn4wb4y92nxzhrn60h0000gn/T/pytest-of-markpampuch/pytest-3/test_project_peak_memory_6_0/K6/63_Monoraphidiumcircinale.hifi_reads.subsampled.1percent.fasta	9869796	--input /private/var/folders/nb/8h5xvwrn4wb4y92nxzhrn60h0000gn/T/pytest-of-markpampuch/pytest-3/test_project_peak_memory_6_0/K6/63_Monoraphidiumcircinale.hifi_reads.subsampled.1percent.fasta --kmer 6 --threads 1	Cleanup	0.03597712516784668	0.03586299999999998	32768	304250880
2026-07-20T12:21:53.067445	N/A	/private/var/folders/nb/8h5xvwrn4wb4y92nxzhrn60h0000gn/T/pytest-of-markpampuch/pytest-3/test_project_peak_memory_6_0/K6/63_Monoraphidiumcircinale.hifi_reads.subsampled.1percent.fasta	9869796	kmer_length=6, threads=1	kmer_count_6mer	1.4725849628448486	1.0831389999999999	109395968	320045056
2026-07-20T12:21:53.177088	N/A	/private/var/folders/nb/8h5xvwrn4wb4y92nxzhrn60h0000gn/T/pytest-of-markpampuch/pytest-3/test_project_peak_memory_6_0/K6/kmer/63_Monoraphidiumcircinale.hifi_reads.subsampled.1percent_6mer_matrix.npz	2495078	N/A	kmer_metrics	0.09084892272949219	0.09038499999999994	77463552	381616128
2026-07-20T12:21:55.998613	N/A	/Users/markpampuch/Downloads/tmp/kmer-ord-fix/kmer-ord/TEST-DATA/63_Monoraphidiumcircinale.hifi_reads.subsampled.1percent.fasta	9869796	N/A	fastq_to_fasta	0.020267009735107422	0.020181000000000004	704512	125059072
2026-07-20T12:21:56.211829	N/A	/private/var/folders/nb/8h5xvwrn4wb4y92nxzhrn60h0000gn/T/pytest-of-markpampuch/pytest-3/test_project_peak_memory_8_0/K8/63_Monoraphidiumcircinale.hifi_reads.subsampled.1percent.fasta	9869796	N/A	fasta_stats	0.20206475257873535	0.20082	71598080	196673536
2026-07-20T12:21:58.031303	kmer-counter	/private/var/folders/nb/8h5xvwrn4wb4y92nxzhrn60h0000gn/T/pytest-of-markpampuch/pytest-3/test_project_peak_memory_8_0/K8/63_Monoraphidiumcircinale.hifi_reads.subsampled.1percent.fasta	9869796	--input /private/var/folders/nb/8h5xvwrn4wb4y92nxzhrn60h0000gn/T/pytest-of-markpampuch/pytest-3/test_project_peak_memory_8_0/K8/63_Monoraphidiumcircinale.hifi_reads.subsampled.1percent.fasta --kmer 8 --threads 1	Kmer_Counter_Run	1.73038911819458	0.5905649999999999	2981888	329367552
2026-07-20T12:21:58.364374	kmer-counter	/private/var/folders/nb/8h5xvwrn4wb4y92nxzhrn60h0000gn/T/pytest-of-markpampuch/pytest-3/test_project_peak_memory_8_0/K8/63_Monoraphidiumcircinale.hifi_reads.subsampled.1percent.fasta	9869796	--input /private/var/folders/nb/8h5xvwrn4wb4y92nxzhrn60h0000gn/T/pytest-of-markpampuch/pytest-3/test_project_peak_memory_8_0/K8/63_Monoraphidiumcircinale.hifi_reads.subsampled.1percent.fasta --kmer 8 --threads 1	Sparse_Matrix_Build	0.32289791107177734	0.35301000000000005	345194496	685834240
2026-07-20T12:21:58.446221	kmer-counter	/private/var/folders/nb/8h5xvwrn4wb4y92nxzhrn60h0000gn/T/pytest-of-markpampuch/pytest-3/test_project_peak_memory_8_0/K8/63_Monoraphidiumcircinale.hifi_reads.subsampled.1percent.fasta	9869796	--input /private/var/folders/nb/8h5xvwrn4wb4y92nxzhrn60h0000gn/T/pytest-of-markpampuch/pytest-3/test_project_peak_memory_8_0/K8/63_Monoraphidiumcircinale.hifi_reads.subsampled.1percent.fasta --kmer 8 --threads 1	Sequence_Headers_Extraction	0.0679020881652832	0.07070900000000013	12271616	565854208
2026-07-20T12:22:00.373615	kmer-counter	/private/var/folders/nb/8h5xvwrn4wb4y92nxzhrn60h0000gn/T/pytest-of-markpampuch/pytest-3/test_project_peak_memory_8_0/K8/63_Monoraphidiumcircinale.hifi_reads.subsampled.1percent.fasta	9869796	--input /private/var/folders/nb/8h5xvwrn4wb4y92nxzhrn60h0000gn/T/pytest-of-markpampuch/pytest-3/test_project_peak_memory_8_0/K8/63_Monoraphidiumcircinale.hifi_reads.subsampled.1percent.fasta --kmer 8 --threads 1	Sparse_Matrix_Save	1.916773796081543	2.5065049999999998	21479424	587333632
2026-07-20T12:22:00.423073	kmer-counter	/private/var/folders/nb/8h5xvwrn4wb4y92nxzhrn60h0000gn/T/pytest-of-markpampuch/pytest-3/test_project_peak_memory_8_0/K8/63_Monoraphidiumcircinale.hifi_reads.subsampled.1percent.fasta	9869796	--input /private/var/folders/nb/8h5xvwrn4wb4y92nxzhrn60h0000gn/T/pytest-of-markpampuch/pytest-3/test_project_peak_memory_8_0/K8/63_Monoraphidiumcircinale.hifi_reads.subsampled.1percent.fasta --kmer 8 --threads 1	Cleanup	0.03919410705566406	0.039082000000000505	32768	587366400
2026-07-20T12:22:00.435406	N/A	/private/var/folders/nb/8h5xvwrn4wb4y92nxzhrn60h0000gn/T/pytest-of-markpampuch/pytest-3/test_project_peak_memory_8_0/K8/63_Monoraphidiumcircinale.hifi_reads.subsampled.1percent.fasta	9869796	kmer_length=8, threads=1	kmer_count_8mer	4.212335109710693	3.693842	390660096	685834240
2026-07-20T12:22:00.681114	N/A	/private/var/folders/nb/8h5xvwrn4wb4y92nxzhrn60h0000gn/T/pytest-of-markpampuch/pytest-3/test_project_peak_memory_8_0/K8/kmer/63_Monoraphidiumcircinale.hifi_reads.subsampled.1percent_8mer_matrix.npz	11640433	N/A	kmer_metrics	0.23473000526428223	0.2550669999999995	191463424	778731520
2026-07-20T12:22:23.990482	N/A	/Users/markpampuch/Downloads/tmp/kmer-ord-fix/kmer-ord/TEST-DATA/63_Monoraphidiumcircinale.hifi_reads.subsampled.1percent.fasta	9869796	N/A	fastq_to_fasta	0.020496129989624023	0.020394999999999996	65536	123371520
2026-07-20T12:22:24.218464	N/A	/private/var/folders/nb/8h5xvwrn4wb4y92nxzhrn60h0000gn/T/pytest-of-markpampuch/pytest-4/test_project_peak_memory_6_0/K6/63_Monoraphidiumcircinale.hifi_reads.subsampled.1percent.fasta	9869796	N/A	fasta_stats	0.21161508560180664	0.20864899999999997	71057408	195100672
2026-07-20T12:22:24.991002	kmer-counter	/private/var/folders/nb/8h5xvwrn4wb4y92nxzhrn60h0000gn/T/pytest-of-markpampuch/pytest-4/test_project_peak_memory_6_0/K6/63_Monoraphidiumcircinale.hifi_reads.subsampled.1percent.fasta	9869796	--input /private/var/folders/nb/8h5xvwrn4wb4y92nxzhrn60h0000gn/T/pytest-of-markpampuch/pytest-4/test_project_peak_memory_6_0/K6/63_Monoraphidiumcircinale.hifi_reads.subsampled.1percent.fasta --kmer 6 --threads 1	Kmer_Counter_Run	0.6923630237579346	0.24345000000000006	573440	329547776
2026-07-20T12:22:25.105525	kmer-counter	/private/var/folders/nb/8h5xvwrn4wb4y92nxzhrn60h0000gn/T/pytest-of-markpampuch/pytest-4/test_project_peak_memory_6_0/K6/63_Monoraphidiumcircinale.hifi_reads.subsampled.1percent.fasta	9869796	--input /private/var/folders/nb/8h5xvwrn4wb4y92nxzhrn60h0000gn/T/pytest-of-markpampuch/pytest-4/test_project_peak_memory_6_0/K6/63_Monoraphidiumcircinale.hifi_reads.subsampled.1percent.fasta --kmer 6 --threads 1	Sparse_Matrix_Build	0.10419487953186035	0.09456200000000003	49790976	267010048
2026-07-20T12:22:25.184635	kmer-counter	/private/var/folders/nb/8h5xvwrn4wb4y92nxzhrn60h0000gn/T/pytest-of-markpampuch/pytest-4/test_project_peak_memory_6_0/K6/63_Monoraphidiumcircinale.hifi_reads.subsampled.1percent.fasta	9869796	--input /private/var/folders/nb/8h5xvwrn4wb4y92nxzhrn60h0000gn/T/pytest-of-markpampuch/pytest-4/test_project_peak_memory_6_0/K6/63_Monoraphidiumcircinale.hifi_reads.subsampled.1percent.fasta --kmer 6 --threads 1	Sequence_Headers_Extraction	0.06742501258850098	0.07053100000000001	14303232	269418496
2026-07-20T12:22:25.624186	kmer-counter	/private/var/folders/nb/8h5xvwrn4wb4y92nxzhrn60h0000gn/T/pytest-of-markpampuch/pytest-4/test_project_peak_memory_6_0/K6/63_Monoraphidiumcircinale.hifi_reads.subsampled.1percent.fasta	9869796	--input /private/var/folders/nb/8h5xvwrn4wb4y92nxzhrn60h0000gn/T/pytest-of-markpampuch/pytest-4/test_project_peak_memory_6_0/K6/63_Monoraphidiumcircinale.hifi_reads.subsampled.1percent.fasta --kmer 6 --threads 1	Sparse_Matrix_Save	0.4160342216491699	0.5074020000000001	12451840	281837568
2026-07-20T12:22:25.663094	kmer-counter	/private/var/folders/nb/8h5xvwrn4wb4y92nxzhrn60h0000gn/T/pytest-of-markpampuch/pytest-4/test_project_peak_memory_6_0/K6/63_Monoraphidiumcircinale.hifi_reads.subsampled.1percent.fasta	9869796	--input /private/var/folders/nb/8h5xvwrn4wb4y92nxzhrn60h0000gn/T/pytest-of-markpampuch/pytest-4/test_project_peak_memory_6_0/K6/63_Monoraphidiumcircinale.hifi_reads.subsampled.1percent.fasta --kmer 6 --threads 1	Cleanup	0.0235140323638916	0.022606000000000126	0	281870336
2026-07-20T12:22:25.676131	N/A	/private/var/folders/nb/8h5xvwrn4wb4y92nxzhrn60h0000gn/T/pytest-of-markpampuch/pytest-4/test_project_peak_memory_6_0/K6/63_Monoraphidiumcircinale.hifi_reads.subsampled.1percent.fasta	9869796	kmer_length=6, threads=1	kmer_count_6mer	1.445176124572754	1.077785	86081536	322355200
2026-07-20T12:22:25.777930	N/A	/private/var/folders/nb/8h5xvwrn4wb4y92nxzhrn60h0000gn/T/pytest-of-markpampuch/pytest-4/test_project_peak_memory_6_0/K6/kmer/63_Monoraphidiumcircinale.hifi_reads.subsampled.1percent_6mer_matrix.npz	2495078	N/A	kmer_metrics	0.09043574333190918	0.08995699999999984	93323264	375128064
2026-07-20T12:22:28.427282	N/A	/Users/markpampuch/Downloads/tmp/kmer-ord-fix/kmer-ord/TEST-DATA/63_Monoraphidiumcircinale.hifi_reads.subsampled.1percent.fasta	9869796	N/A	fastq_to_fasta	0.019802093505859375	0.01969599999999999	704512	123863040
2026-07-20T12:22:28.652240	N/A	/private/var/folders/nb/8h5xvwrn4wb4y92nxzhrn60h0000gn/T/pytest-of-markpampuch/pytest-4/test_project_peak_memory_8_0/K8/63_Monoraphidiumcircinale.hifi_reads.subsampled.1percent.fasta	9869796	N/A	fasta_stats	0.21085906028747559	0.21022899999999994	70975488	195493888
2026-07-20T12:22:30.399608	kmer-counter	/private/var/folders/nb/8h5xvwrn4wb4y92nxzhrn60h0000gn/T/pytest-of-markpampuch/pytest-4/test_project_peak_memory_8_0/K8/63_Monoraphidiumcircinale.hifi_reads.subsampled.1percent.fasta	9869796	--input /private/var/folders/nb/8h5xvwrn4wb4y92nxzhrn60h0000gn/T/pytest-of-markpampuch/pytest-4/test_project_peak_memory_8_0/K8/63_Monoraphidiumcircinale.hifi_reads.subsampled.1percent.fasta --kmer 8 --threads 1	Kmer_Counter_Run	1.663536787033081	0.5733250000000001	1409024	327516160
2026-07-20T12:22:30.724923	kmer-counter	/private/var/folders/nb/8h5xvwrn4wb4y92nxzhrn60h0000gn/T/pytest-of-markpampuch/pytest-4/test_project_peak_memory_8_0/K8/63_Monoraphidiumcircinale.hifi_reads.subsampled.1percent.fasta	9869796	--input /private/var/folders/nb/8h5xvwrn4wb4y92nxzhrn60h0000gn/T/pytest-of-markpampuch/pytest-4/test_project_peak_memory_8_0/K8/63_Monoraphidiumcircinale.hifi_reads.subsampled.1percent.fasta --kmer 8 --threads 1	Sparse_Matrix_Build	0.31519103050231934	0.35975199999999985	345292800	683606016
2026-07-20T12:22:30.794378	kmer-counter	/private/var/folders/nb/8h5xvwrn4wb4y92nxzhrn60h0000gn/T/pytest-of-markpampuch/pytest-4/test_project_peak_memory_8_0/K8/63_Monoraphidiumcircinale.hifi_reads.subsampled.1percent.fasta	9869796	--input /private/var/folders/nb/8h5xvwrn4wb4y92nxzhrn60h0000gn/T/pytest-of-markpampuch/pytest-4/test_project_peak_memory_8_0/K8/63_Monoraphidiumcircinale.hifi_reads.subsampled.1percent.fasta --kmer 8 --threads 1	Sequence_Headers_Extraction	0.05949997901916504	0.06287899999999991	9502720	560857088
2026-07-20T12:22:32.709508	kmer-counter	/private/var/folders/nb/8h5xvwrn4wb4y92nxzhrn60h0000gn/T/pytest-of-markpampuch/pytest-4/test_project_peak_memory_8_0/K8/63_Monoraphidiumcircinale.hifi_reads.subsampled.1percent.fasta	9869796	--input /private/var/folders/nb/8h5xvwrn4wb4y92nxzhrn60h0000gn/T/pytest-of-markpampuch/pytest-4/test_project_peak_memory_8_0/K8/63_Monoraphidiumcircinale.hifi_reads.subsampled.1percent.fasta --kmer 8 --threads 1	Sparse_Matrix_Save	1.8985021114349365	2.5214730000000003	18710528	579534848
2026-07-20T12:22:32.756911	kmer-counter	/private/var/folders/nb/8h5xvwrn4wb4y92nxzhrn60h0000gn/T/pytest-of-markpampuch/pytest-4/test_project_peak_memory_8_0/K8/63_Monoraphidiumcircinale.hifi_reads.subsampled.1percent.fasta	9869796	--input /private/var/folders/nb/8h5xvwrn4wb4y92nxzhrn60h0000gn/T/pytest-of-markpampuch/pytest-4/test_project_peak_memory_8_0/K8/63_Monoraphidiumcircinale.hifi_reads.subsampled.1percent.fasta --kmer 8 --threads 1	Cleanup	0.03679013252258301	0.03265600000000024	0	579567616
2026-07-20T12:22:32.774130	N/A	/private/var/folders/nb/8h5xvwrn4wb4y92nxzhrn60h0000gn/T/pytest-of-markpampuch/pytest-4/test_project_peak_memory_8_0/K8/63_Monoraphidiumcircinale.hifi_reads.subsampled.1percent.fasta	9869796	kmer_length=8, threads=1	kmer_count_8mer	4.105766773223877	3.681645	384008192	702922752
2026-07-20T12:22:33.038001	N/A	/private/var/folders/nb/8h5xvwrn4wb4y92nxzhrn60h0000gn/T/pytest-of-markpampuch/pytest-4/test_project_peak_memory_8_0/K8/kmer/63_Monoraphidiumcircinale.hifi_reads.subsampled.1percent_8mer_matrix.npz	11640433	N/A	kmer_metrics	0.24597406387329102	0.25436499999999995	190513152	770015232
2026-07-20T12:23:04.137987	N/A	/Users/markpampuch/Downloads/tmp/kmer-ord-fix/kmer-ord/TEST-DATA/63_Monoraphidiumcircinale.hifi_reads.subsampled.1percent.fasta	9869796	N/A	fastq_to_fasta	0.020785808563232422	0.02058500000000002	1359872	125452288
2026-07-20T12:23:04.369540	N/A	/private/var/folders/nb/8h5xvwrn4wb4y92nxzhrn60h0000gn/T/pytest-of-markpampuch/pytest-5/test_project_peak_memory_6_0/K6/63_Monoraphidiumcircinale.hifi_reads.subsampled.1percent.fasta	9869796	N/A	fasta_stats	0.2180800437927246	0.21559300000000003	70762496	196296704
2026-07-20T12:23:05.155185	kmer-counter	/private/var/folders/nb/8h5xvwrn4wb4y92nxzhrn60h0000gn/T/pytest-of-markpampuch/pytest-5/test_project_peak_memory_6_0/K6/63_Monoraphidiumcircinale.hifi_reads.subsampled.1percent.fasta	9869796	--input /private/var/folders/nb/8h5xvwrn4wb4y92nxzhrn60h0000gn/T/pytest-of-markpampuch/pytest-5/test_project_peak_memory_6_0/K6/63_Monoraphidiumcircinale.hifi_reads.subsampled.1percent.fasta --kmer 6 --threads 1	Kmer_Counter_Run	0.6990001201629639	0.24477700000000002	720896	330334208
2026-07-20T12:23:05.259749	kmer-counter	/private/var/folders/nb/8h5xvwrn4wb4y92nxzhrn60h0000gn/T/pytest-of-markpampuch/pytest-5/test_project_peak_memory_6_0/K6/63_Monoraphidiumcircinale.hifi_reads.subsampled.1percent.fasta	9869796	--input /private/var/folders/nb/8h5xvwrn4wb4y92nxzhrn60h0000gn/T/pytest-of-markpampuch/pytest-5/test_project_peak_memory_6_0/K6/63_Monoraphidiumcircinale.hifi_reads.subsampled.1percent.fasta --kmer 6 --threads 1	Sparse_Matrix_Build	0.0826880931854248	0.07229200000000002	64782336	271450112
2026-07-20T12:23:05.331500	kmer-counter	/private/var/folders/nb/8h5xvwrn4wb4y92nxzhrn60h0000gn/T/pytest-of-markpampuch/pytest-5/test_project_peak_memory_6_0/K6/63_Monoraphidiumcircinale.hifi_reads.subsampled.1percent.fasta	9869796	--input /private/var/folders/nb/8h5xvwrn4wb4y92nxzhrn60h0000gn/T/pytest-of-markpampuch/pytest-5/test_project_peak_memory_6_0/K6/63_Monoraphidiumcircinale.hifi_reads.subsampled.1percent.fasta --kmer 6 --threads 1	Sequence_Headers_Extraction	0.05110001564025879	0.054311999999999916	9879552	281329664
2026-07-20T12:23:05.737385	kmer-counter	/private/var/folders/nb/8h5xvwrn4wb4y92nxzhrn60h0000gn/T/pytest-of-markpampuch/pytest-5/test_project_peak_memory_6_0/K6/63_Monoraphidiumcircinale.hifi_reads.subsampled.1percent.fasta	9869796	--input /private/var/folders/nb/8h5xvwrn4wb4y92nxzhrn60h0000gn/T/pytest-of-markpampuch/pytest-5/test_project_peak_memory_6_0/K6/63_Monoraphidiumcircinale.hifi_reads.subsampled.1percent.fasta --kmer 6 --threads 1	Sparse_Matrix_Save	0.39457201957702637	0.49824	3047424	284377088
2026-07-20T12:23:05.796367	kmer-counter	/private/var/folders/nb/8h5xvwrn4wb4y92nxzhrn60h0000gn/T/pytest-of-markpampuch/pytest-5/test_project_peak_memory_6_0/K6/63_Monoraphidiumcircinale.hifi_reads.subsampled.1percent.fasta	9869796	--input /private/var/folders/nb/8h5xvwrn4wb4y92nxzhrn60h0000gn/T/pytest-of-markpampuch/pytest-5/test_project_peak_memory_6_0/K6/63_Monoraphidiumcircinale.hifi_reads.subsampled.1percent.fasta --kmer 6 --threads 1	Cleanup	0.0356900691986084	0.029773999999999967	32768	284442624
2026-07-20T12:23:05.807884	N/A	/private/var/folders/nb/8h5xvwrn4wb4y92nxzhrn60h0000gn/T/pytest-of-markpampuch/pytest-5/test_project_peak_memory_6_0/K6/63_Monoraphidiumcircinale.hifi_reads.subsampled.1percent.fasta	9869796	kmer_length=6, threads=1	kmer_count_6mer	1.4273481369018555	1.06129	88064000	325533696
2026-07-20T12:23:05.928157	N/A	/private/var/folders/nb/8h5xvwrn4wb4y92nxzhrn60h0000gn/T/pytest-of-markpampuch/pytest-5/test_project_peak_memory_6_0/K6/kmer/63_Monoraphidiumcircinale.hifi_reads.subsampled.1percent_6mer_matrix.npz	2495078	N/A	kmer_metrics	0.10734796524047852	0.10527700000000006	93323264	378028032
2026-07-20T12:23:09.571216	N/A	/Users/markpampuch/Downloads/tmp/kmer-ord-fix/kmer-ord/TEST-DATA/63_Monoraphidiumcircinale.hifi_reads.subsampled.1percent.fasta	9869796	N/A	fastq_to_fasta	0.021185636520385742	0.020989000000000035	131072	123764736
2026-07-20T12:23:09.784323	N/A	/private/var/folders/nb/8h5xvwrn4wb4y92nxzhrn60h0000gn/T/pytest-of-markpampuch/pytest-5/test_project_peak_memory_8_0/K8/63_Monoraphidiumcircinale.hifi_reads.subsampled.1percent.fasta	9869796	N/A	fasta_stats	0.20232295989990234	0.20110499999999998	71942144	195739648
2026-07-20T12:23:11.647086	kmer-counter	/private/var/folders/nb/8h5xvwrn4wb4y92nxzhrn60h0000gn/T/pytest-of-markpampuch/pytest-5/test_project_peak_memory_8_0/K8/63_Monoraphidiumcircinale.hifi_reads.subsampled.1percent.fasta	9869796	--input /private/var/folders/nb/8h5xvwrn4wb4y92nxzhrn60h0000gn/T/pytest-of-markpampuch/pytest-5/test_project_peak_memory_8_0/K8/63_Monoraphidiumcircinale.hifi_reads.subsampled.1percent.fasta --kmer 8 --threads 1	Kmer_Counter_Run	1.773292064666748	0.650485	3145728	322322432
2026-07-20T12:23:11.972036	kmer-counter	/private/var/folders/nb/8h5xvwrn4wb4y92nxzhrn60h0000gn/T/pytest-of-markpampuch/pytest-5/test_project_peak_memory_8_0/K8/63_Monoraphidiumcircinale.hifi_reads.subsampled.1percent.fasta	9869796	--input /private/var/folders/nb/8h5xvwrn4wb4y92nxzhrn60h0000gn/T/pytest-of-markpampuch/pytest-5/test_project_peak_memory_8_0/K8/63_Monoraphidiumcircinale.hifi_reads.subsampled.1percent.fasta --kmer 8 --threads 1	Sparse_Matrix_Build	0.3148181438446045	0.3590399999999998	344522752	685326336
2026-07-20T12:23:12.047661	kmer-counter	/private/var/folders/nb/8h5xvwrn4wb4y92nxzhrn60h0000gn/T/pytest-of-markpampuch/pytest-5/test_project_peak_memory_8_0/K8/63_Monoraphidiumcircinale.hifi_reads.subsampled.1percent.fasta	9869796	--input /private/var/folders/nb/8h5xvwrn4wb4y92nxzhrn60h0000gn/T/pytest-of-markpampuch/pytest-5/test_project_peak_memory_8_0/K8/63_Monoraphidiumcircinale.hifi_reads.subsampled.1percent.fasta --kmer 8 --threads 1	Sequence_Headers_Extraction	0.06391716003417969	0.06705399999999995	9961472	563036160
2026-07-20T12:23:14.043298	kmer-counter	/private/var/folders/nb/8h5xvwrn4wb4y92nxzhrn60h0000gn/T/pytest-of-markpampuch/pytest-5/test_project_peak_memory_8_0/K8/63_Monoraphidiumcircinale.hifi_reads.subsampled.1percent.fasta	9869796	--input /private/var/folders/nb/8h5xvwrn4wb4y92nxzhrn60h0000gn/T/pytest-of-markpampuch/pytest-5/test_project_peak_memory_8_0/K8/63_Monoraphidiumcircinale.hifi_reads.subsampled.1percent.fasta --kmer 8 --threads 1	Sparse_Matrix_Save	1.9799079895019531	2.625139	27508736	590577664
2026-07-20T12:23:14.096253	kmer-counter	/private/var/folders/nb/8h5xvwrn4wb4y92nxzhrn60h0000gn/T/pytest-of-markpampuch/pytest-5/test_project_peak_memory_8_0/K8/63_Monoraphidiumcircinale.hifi_reads.subsampled.1percent.fasta	9869796	--input /private/var/folders/nb/8h5xvwrn4wb4y92nxzhrn60h0000gn/T/pytest-of-markpampuch/pytest-5/test_project_peak_memory_8_0/K8/63_Monoraphidiumcircinale.hifi_reads.subsampled.1percent.fasta --kmer 8 --threads 1	Cleanup	0.03846621513366699	0.03186700000000009	0	590577664
2026-07-20T12:23:14.113512	N/A	/private/var/folders/nb/8h5xvwrn4wb4y92nxzhrn60h0000gn/T/pytest-of-markpampuch/pytest-5/test_project_peak_memory_8_0/K8/63_Monoraphidiumcircinale.hifi_reads.subsampled.1percent.fasta	9869796	kmer_length=8, threads=1	kmer_count_8mer	4.313277006149292	3.87221	394117120	704315392
2026-07-20T12:23:14.383478	N/A	/private/var/folders/nb/8h5xvwrn4wb4y92nxzhrn60h0000gn/T/pytest-of-markpampuch/pytest-5/test_project_peak_memory_8_0/K8/kmer/63_Monoraphidiumcircinale.hifi_reads.subsampled.1percent_8mer_matrix.npz	11640433	N/A	kmer_metrics	0.2571868896484375	0.2623560000000005	191660032	782172160
2026-07-20T12:23:26.952233	N/A	/Users/markpampuch/Downloads/tmp/kmer-ord-fix/kmer-ord/TEST-DATA/63_Monoraphidiumcircinale.hifi_reads.subsampled.1percent.fasta	9869796	N/A	fastq_to_fasta	0.02358078956604004	0.023031000000000024	1359872	124354560
2026-07-20T12:23:27.176392	N/A	/private/var/folders/nb/8h5xvwrn4wb4y92nxzhrn60h0000gn/T/pytest-of-markpampuch/pytest-6/test_project_peak_memory_6_0/K6/63_Monoraphidiumcircinale.hifi_reads.subsampled.1percent.fasta	9869796	N/A	fasta_stats	0.21088004112243652	0.208702	73334784	198344704
2026-07-20T12:23:28.006495	kmer-counter	/private/var/folders/nb/8h5xvwrn4wb4y92nxzhrn60h0000gn/T/pytest-of-markpampuch/pytest-6/test_project_peak_memory_6_0/K6/63_Monoraphidiumcircinale.hifi_reads.subsampled.1percent.fasta	9869796	--input /private/var/folders/nb/8h5xvwrn4wb4y92nxzhrn60h0000gn/T/pytest-of-markpampuch/pytest-6/test_project_peak_memory_6_0/K6/63_Monoraphidiumcircinale.hifi_reads.subsampled.1percent.fasta --kmer 6 --threads 1	Kmer_Counter_Run	0.747215747833252	0.293724	770048	324435968
2026-07-20T12:23:28.125809	kmer-counter	/private/var/folders/nb/8h5xvwrn4wb4y92nxzhrn60h0000gn/T/pytest-of-markpampuch/pytest-6/test_project_peak_memory_6_0/K6/63_Monoraphidiumcircinale.hifi_reads.subsampled.1percent.fasta	9869796	--input /private/var/folders/nb/8h5xvwrn4wb4y92nxzhrn60h0000gn/T/pytest-of-markpampuch/pytest-6/test_project_peak_memory_6_0/K6/63_Monoraphidiumcircinale.hifi_reads.subsampled.1percent.fasta --kmer 6 --threads 1	Sparse_Matrix_Build	0.08958792686462402	0.08229599999999992	57245696	265814016
2026-07-20T12:23:28.203384	kmer-counter	/private/var/folders/nb/8h5xvwrn4wb4y92nxzhrn60h0000gn/T/pytest-of-markpampuch/pytest-6/test_project_peak_memory_6_0/K6/63_Monoraphidiumcircinale.hifi_reads.subsampled.1percent.fasta	9869796	--input /private/var/folders/nb/8h5xvwrn4wb4y92nxzhrn60h0000gn/T/pytest-of-markpampuch/pytest-6/test_project_peak_memory_6_0/K6/63_Monoraphidiumcircinale.hifi_reads.subsampled.1percent.fasta --kmer 6 --threads 1	Sequence_Headers_Extraction	0.06627082824707031	0.06823999999999986	6766592	272646144
2026-07-20T12:23:28.604255	kmer-counter	/private/var/folders/nb/8h5xvwrn4wb4y92nxzhrn60h0000gn/T/pytest-of-markpampuch/pytest-6/test_project_peak_memory_6_0/K6/63_Monoraphidiumcircinale.hifi_reads.subsampled.1percent.fasta	9869796	--input /private/var/folders/nb/8h5xvwrn4wb4y92nxzhrn60h0000gn/T/pytest-of-markpampuch/pytest-6/test_project_peak_memory_6_0/K6/63_Monoraphidiumcircinale.hifi_reads.subsampled.1percent.fasta --kmer 6 --threads 1	Sparse_Matrix_Save	0.38991212844848633	0.504229	9732096	282378240
2026-07-20T12:23:28.656945	kmer-counter	/private/var/folders/nb/8h5xvwrn4wb4y92nxzhrn60h0000gn/T/pytest-of-markpampuch/pytest-6/test_project_peak_memory_6_0/K6/63_Monoraphidiumcircinale.hifi_reads.subsampled.1percent.fasta	9869796	--input /private/var/folders/nb/8h5xvwrn4wb4y92nxzhrn60h0000gn/T/pytest-of-markpampuch/pytest-6/test_project_peak_memory_6_0/K6/63_Monoraphidiumcircinale.hifi_reads.subsampled.1percent.fasta --kmer 6 --threads 1	Cleanup	0.023745059967041016	0.023322000000000065	0	282411008
2026-07-20T12:23:28.668693	N/A	/private/var/folders/nb/8h5xvwrn4wb4y92nxzhrn60h0000gn/T/pytest-of-markpampuch/pytest-6/test_project_peak_memory_6_0/K6/63_Monoraphidiumcircinale.hifi_reads.subsampled.1percent.fasta	9869796	kmer_length=6, threads=1	kmer_count_6mer	1.4809629917144775	1.132777	84000768	333365248
2026-07-20T12:23:28.780798	N/A	/private/var/folders/nb/8h5xvwrn4wb4y92nxzhrn60h0000gn/T/pytest-of-markpampuch/pytest-6/test_project_peak_memory_6_0/K6/kmer/63_Monoraphidiumcircinale.hifi_reads.subsampled.1percent_6mer_matrix.npz	2495078	N/A	kmer_metrics	0.0933980941772461	0.09446700000000008	85311488	367656960
2026-07-20T12:23:31.625604	N/A	/Users/markpampuch/Downloads/tmp/kmer-ord-fix/kmer-ord/TEST-DATA/63_Monoraphidiumcircinale.hifi_reads.subsampled.1percent.fasta	9869796	N/A	fastq_to_fasta	0.02067089080810547	0.020337999999999967	655360	123584512
2026-07-20T12:23:31.851089	N/A	/private/var/folders/nb/8h5xvwrn4wb4y92nxzhrn60h0000gn/T/pytest-of-markpampuch/pytest-6/test_project_peak_memory_8_0/K8/63_Monoraphidiumcircinale.hifi_reads.subsampled.1percent.fasta	9869796	N/A	fasta_stats	0.21417689323425293	0.20929599999999998	71057408	194691072
2026-07-20T12:23:33.762289	kmer-counter	/private/var/folders/nb/8h5xvwrn4wb4y92nxzhrn60h0000gn/T/pytest-of-markpampuch/pytest-6/test_project_peak_memory_8_0/K8/63_Monoraphidiumcircinale.hifi_reads.subsampled.1percent.fasta	9869796	--input /private/var/folders/nb/8h5xvwrn4wb4y92nxzhrn60h0000gn/T/pytest-of-markpampuch/pytest-6/test_project_peak_memory_8_0/K8/63_Monoraphidiumcircinale.hifi_reads.subsampled.1percent.fasta --kmer 8 --threads 1	Kmer_Counter_Run	1.8244447708129883	0.6782459999999999	3866624	330072064
2026-07-20T12:23:34.107585	kmer-counter	/private/var/folders/nb/8h5xvwrn4wb4y92nxzhrn60h0000gn/T/pytest-of-markpampuch/pytest-6/test_project_peak_memory_8_0/K8/63_Monoraphidiumcircinale.hifi_reads.subsampled.1percent.fasta	9869796	--input /private/var/folders/nb/8h5xvwrn4wb4y92nxzhrn60h0000gn/T/pytest-of-markpampuch/pytest-6/test_project_peak_memory_8_0/K8/63_Monoraphidiumcircinale.hifi_reads.subsampled.1percent.fasta --kmer 8 --threads 1	Sparse_Matrix_Build	0.33418989181518555	0.38922499999999993	344506368	704184320
2026-07-20T12:23:34.184282	kmer-counter	/private/var/folders/nb/8h5xvwrn4wb4y92nxzhrn60h0000gn/T/pytest-of-markpampuch/pytest-6/test_project_peak_memory_8_0/K8/63_Monoraphidiumcircinale.hifi_reads.subsampled.1percent.fasta	9869796	--input /private/var/folders/nb/8h5xvwrn4wb4y92nxzhrn60h0000gn/T/pytest-of-markpampuch/pytest-6/test_project_peak_memory_8_0/K8/63_Monoraphidiumcircinale.hifi_reads.subsampled.1percent.fasta --kmer 8 --threads 1	Sequence_Headers_Extraction	0.06486392021179199	0.06669100000000006	8863744	561479680
2026-07-20T12:23:36.191424	kmer-counter	/private/var/folders/nb/8h5xvwrn4wb4y92nxzhrn60h0000gn/T/pytest-of-markpampuch/pytest-6/test_project_peak_memory_8_0/K8/63_Monoraphidiumcircinale.hifi_reads.subsampled.1percent.fasta	9869796	--input /private/var/folders/nb/8h5xvwrn4wb4y92nxzhrn60h0000gn/T/pytest-of-markpampuch/pytest-6/test_project_peak_memory_8_0/K8/63_Monoraphidiumcircinale.hifi_reads.subsampled.1percent.fasta --kmer 8 --threads 1	Sparse_Matrix_Save	1.9957990646362305	2.5989450000000005	21184512	582631424
2026-07-20T12:23:36.231469	kmer-counter	/private/var/folders/nb/8h5xvwrn4wb4y92nxzhrn60h0000gn/T/pytest-of-markpampuch/pytest-6/test_project_peak_memory_8_0/K8/63_Monoraphidiumcircinale.hifi_reads.subsampled.1percent.fasta	9869796	--input /private/var/folders/nb/8h5xvwrn4wb4y92nxzhrn60h0000gn/T/pytest-of-markpampuch/pytest-6/test_project_peak_memory_8_0/K8/63_Monoraphidiumcircinale.hifi_reads.subsampled.1percent.fasta --kmer 8 --threads 1	Cleanup	0.028441905975341797	0.02723800000000054	32768	582664192
2026-07-20T12:23:36.253930	N/A	/private/var/folders/nb/8h5xvwrn4wb4y92nxzhrn60h0000gn/T/pytest-of-markpampuch/pytest-6/test_project_peak_memory_8_0/K8/63_Monoraphidiumcircinale.hifi_reads.subsampled.1percent.fasta	9869796	kmer_length=8, threads=1	kmer_count_8mer	4.3917200565338135	3.901132	387284992	684867584
2026-07-20T12:23:36.519329	N/A	/private/var/folders/nb/8h5xvwrn4wb4y92nxzhrn60h0000gn/T/pytest-of-markpampuch/pytest-6/test_project_peak_memory_8_0/K8/kmer/63_Monoraphidiumcircinale.hifi_reads.subsampled.1percent_8mer_matrix.npz	11640433	N/A	kmer_metrics	0.2535412311553955	0.26534299999999966	192577536	775176192
2026-07-20T13:52:57.585806	N/A	/Users/markpampuch/Downloads/tmp/kmer-ord-fix/kmer-ord/TEST-DATA/63_Monoraphidiumcircinale.hifi_reads.subsampled.1percent.fasta	9869796	N/A	fastq_to_fasta	0.02274489402770996	0.02261599999999997	704512	123535360
2026-07-20T13:52:58.018177	N/A	/tmp/kmerord_k10_probe/63_Monoraphidiumcircinale.hifi_reads.subsampled.1percent.fasta	9869796	N/A	fasta_stats	0.4215998649597168	0.22346100000000008	71925760	195461120
2026-07-20T13:53:36.236200	kmer-counter	/tmp/kmerord_k10_probe/63_Monoraphidiumcircinale.hifi_reads.subsampled.1percent.fasta	9869796	--input /tmp/kmerord_k10_probe/63_Monoraphidiumcircinale.hifi_reads.subsampled.1percent.fasta --kmer 10 --threads 1	Kmer_Counter_Run	37.86868119239807	12.541784999999999	3227648	447561728
2026-07-20T13:53:38.956734	kmer-counter	/tmp/kmerord_k10_probe/63_Monoraphidiumcircinale.hifi_reads.subsampled.1percent.fasta	9869796	--input /tmp/kmerord_k10_probe/63_Monoraphidiumcircinale.hifi_reads.subsampled.1percent.fasta --kmer 10 --threads 1	Sparse_Matrix_Build	2.6929571628570557	3.3168669999999985	426868736	3588833280
2026-07-20T13:53:39.031212	kmer-counter	/tmp/kmerord_k10_probe/63_Monoraphidiumcircinale.hifi_reads.subsampled.1percent.fasta	9869796	--input /tmp/kmerord_k10_probe/63_Monoraphidiumcircinale.hifi_reads.subsampled.1percent.fasta --kmer 10 --threads 1	Sequence_Headers_Extraction	0.052259206771850586	0.054988999999999066	10190848	645382144
2026-07-20T13:53:40.381710	kmer-counter	/tmp/kmerord_k10_probe/63_Monoraphidiumcircinale.hifi_reads.subsampled.1percent.fasta	9869796	--input /tmp/kmerord_k10_probe/63_Monoraphidiumcircinale.hifi_reads.subsampled.1percent.fasta --kmer 10 --threads 1	Sparse_Matrix_Save	1.3289859294891357	1.7167630000000003	16826368	662241280
2026-07-20T13:53:40.497802	kmer-counter	/tmp/kmerord_k10_probe/63_Monoraphidiumcircinale.hifi_reads.subsampled.1percent.fasta	9869796	--input /tmp/kmerord_k10_probe/63_Monoraphidiumcircinale.hifi_reads.subsampled.1percent.fasta --kmer 10 --threads 1	Cleanup	0.10496377944946289	0.07227200000000167	32768	662241280
2026-07-20T13:53:40.509549	N/A	/tmp/kmerord_k10_probe/63_Monoraphidiumcircinale.hifi_reads.subsampled.1percent.fasta	9869796	kmer_length=10, threads=1	kmer_count_10mer	42.48049211502075	17.929811	466714624	3602382848
2026-07-20T13:53:40.876544	N/A	/tmp/kmerord_k10_probe/kmer/63_Monoraphidiumcircinale.hifi_reads.subsampled.1percent_10mer_matrix.npz	16162845	N/A	kmer_metrics	0.35300207138061523	0.37012900000000215	327008256	989184000
2026-07-20T14:07:22.002367	N/A	/Users/markpampuch/Downloads/tmp/kmer-ord-fix/kmer-ord/TEST-DATA/63_Monoraphidiumcircinale.hifi_reads.subsampled.1percent.fasta	9869796	N/A	fastq_to_fasta	0.021807193756103516	0.021531999999999996	720896	124911616
2026-07-20T14:07:22.247111	N/A	/tmp/kmerord_k11_probe/63_Monoraphidiumcircinale.hifi_reads.subsampled.1percent.fasta	9869796	N/A	fasta_stats	0.2264232635498047	0.20890299999999995	70893568	195870720
2026-07-20T14:11:23.253922	kmer-counter	/tmp/kmerord_k11_probe/63_Monoraphidiumcircinale.hifi_reads.subsampled.1percent.fasta	9869796	--input /tmp/kmerord_k11_probe/63_Monoraphidiumcircinale.hifi_reads.subsampled.1percent.fasta --kmer 11 --threads 1	Kmer_Counter_Run	240.92734098434448	83.164542	5062656	892944384
2026-07-20T14:11:44.654486	kmer-counter	/tmp/kmerord_k11_probe/63_Monoraphidiumcircinale.hifi_reads.subsampled.1percent.fasta	9869796	--input /tmp/kmerord_k11_probe/63_Monoraphidiumcircinale.hifi_reads.subsampled.1percent.fasta --kmer 11 --threads 1	Sparse_Matrix_Build	21.379934787750244	17.472333000000006	442449920	12521947136
2026-07-20T14:11:44.744622	kmer-counter	/tmp/kmerord_k11_probe/63_Monoraphidiumcircinale.hifi_reads.subsampled.1percent.fasta	9869796	--input /tmp/kmerord_k11_probe/63_Monoraphidiumcircinale.hifi_reads.subsampled.1percent.fasta --kmer 11 --threads 1	Sequence_Headers_Extraction	0.06476998329162598	0.06787699999999575	12943360	665632768
2026-07-20T14:11:45.777140	kmer-counter	/tmp/kmerord_k11_probe/63_Monoraphidiumcircinale.hifi_reads.subsampled.1percent.fasta	9869796	--input /tmp/kmerord_k11_probe/63_Monoraphidiumcircinale.hifi_reads.subsampled.1percent.fasta --kmer 11 --threads 1	Sparse_Matrix_Save	1.020676851272583	1.3308480000000031	21053440	686686208
2026-07-20T14:11:46.114419	kmer-counter	/tmp/kmerord_k11_probe/63_Monoraphidiumcircinale.hifi_reads.subsampled.1percent.fasta	9869796	--input /tmp/kmerord_k11_probe/63_Monoraphidiumcircinale.hifi_reads.subsampled.1percent.fasta --kmer 11 --threads 1	Cleanup	0.3255119323730469	0.17621400000000165	0	686686208
2026-07-20T14:11:46.134852	N/A	/tmp/kmerord_k11_probe/63_Monoraphidiumcircinale.hifi_reads.subsampled.1percent.fasta	9869796	kmer_length=11, threads=1	kmer_count_11mer	263.8688850402832	102.360092	490749952	12521947136
2026-07-20T14:11:46.531193	N/A	/tmp/kmerord_k11_probe/kmer/63_Monoraphidiumcircinale.hifi_reads.subsampled.1percent_11mer_matrix.npz	20445984	N/A	kmer_metrics	0.382843017578125	0.4028689999999955	205701120	892321792
